ea_id,district,region
31201007,Balaka,South
31201058,Balaka,South
31201104,Balaka,South
31201106,Balaka,South
31201197,Balaka,South
31201230,Balaka,South
31201234,Balaka,South
31201250,Balaka,South
31201350,Balaka,South
31201516,Balaka,South
31201726,Balaka,South
31201731,Balaka,South
31201732,Balaka,South
31201733,Balaka,South
31201734,Balaka,South
31201747,Balaka,South
31201765,Balaka,South
31201783,Balaka,South
31201784,Balaka,South
31201785,Balaka,South
31201786,Balaka,South
31201787,Balaka,South
31201788,Balaka,South
31201789,Balaka,South
31201790,Balaka,South
31201791,Balaka,South
31201792,Balaka,South
31201793,Balaka,South
31201794,Balaka,South
31201795,Balaka,South
31202735,Balaka,South
31202736,Balaka,South
31202737,Balaka,South
31202738,Balaka,South
31203739,Balaka,South
31203740,Balaka,South
31203741,Balaka,South
31204138,Balaka,South
31204184,Balaka,South
31204209,Balaka,South
31204267,Balaka,South
31204390,Balaka,South
31204410,Balaka,South
31204489,Balaka,South
31204532,Balaka,South
31204618,Balaka,South
31204742,Balaka,South
31204743,Balaka,South
31204796,Balaka,South
31204797,Balaka,South
31204798,Balaka,South
31204799,Balaka,South
31204800,Balaka,South
31204801,Balaka,South
31204802,Balaka,South
31204803,Balaka,South
31204804,Balaka,South
31205744,Balaka,South
31205745,Balaka,South
31205746,Balaka,South
31206747,Balaka,South
31207748,Balaka,South
31208749,Balaka,South
31208750,Balaka,South
31209751,Balaka,South
31220487,Balaka,South
31220637,Balaka,South
31220752,Balaka,South
31220805,Balaka,South
31220806,Balaka,South
31303263,Balaka,South
30501008,Blantyre,South
30501020,Blantyre,South
30501359,Blantyre,South
30501383,Blantyre,South
30501566,Blantyre,South
30501575,Blantyre,South
30501576,Blantyre,South
30501577,Blantyre,South
30501578,Blantyre,South
30501615,Blantyre,South
30501616,Blantyre,South
30501617,Blantyre,South
30501618,Blantyre,South
30501619,Blantyre,South
30502418,Blantyre,South
30502580,Blantyre,South
30502581,Blantyre,South
30502620,Blantyre,South
30502621,Blantyre,South
30503214,Blantyre,South
30503292,Blantyre,South
30503582,Blantyre,South
30503583,Blantyre,South
30503584,Blantyre,South
30503622,Blantyre,South
30503623,Blantyre,South
30503624,Blantyre,South
30503685,Blantyre,South
30504251,Blantyre,South
30504518,Blantyre,South
30504585,Blantyre,South
30504586,Blantyre,South
30504625,Blantyre,South
30504626,Blantyre,South
30505180,Blantyre,South
30505587,Blantyre,South
30505627,Blantyre,South
30506017,Blantyre,South
30506031,Blantyre,South
30506105,Blantyre,South
30506326,Blantyre,South
30506457,Blantyre,South
30506588,Blantyre,South
30506589,Blantyre,South
30506590,Blantyre,South
30506591,Blantyre,South
30506592,Blantyre,South
30506628,Blantyre,South
30506629,Blantyre,South
30506630,Blantyre,South
30506631,Blantyre,South
30506632,Blantyre,South
30506748,Blantyre,South
30507593,Blantyre,South
30507633,Blantyre,South
30507634,Blantyre,South
30507667,Blantyre,South
30508364,Blantyre,South
30508435,Blantyre,South
30508473,Blantyre,South
30508594,Blantyre,South
30508595,Blantyre,South
30508596,Blantyre,South
30508597,Blantyre,South
30508629,Blantyre,South
30508635,Blantyre,South
30508636,Blantyre,South
30508637,Blantyre,South
30508638,Blantyre,South
31531161,Blantyre,South
31531303,Blantyre,South
31531795,Blantyre,South
31531796,Blantyre,South
31531855,Blantyre,South
31531856,Blantyre,South
31532674,Blantyre,South
31532797,Blantyre,South
31532798,Blantyre,South
31532857,Blantyre,South
31533095,Blantyre,South
31533799,Blantyre,South
31533858,Blantyre,South
31534553,Blantyre,South
31534800,Blantyre,South
31534801,Blantyre,South
31534859,Blantyre,South
31535633,Blantyre,South
31535802,Blantyre,South
31535860,Blantyre,South
31535861,Blantyre,South
31536118,Blantyre,South
31536257,Blantyre,South
31536751,Blantyre,South
31536803,Blantyre,South
31536862,Blantyre,South
31536863,Blantyre,South
31537864,Blantyre,South
31538278,Blantyre,South
31539670,Blantyre,South
31539804,Blantyre,South
31539805,Blantyre,South
31539865,Blantyre,South
31539866,Blantyre,South
31540003,Blantyre,South
31540419,Blantyre,South
31540806,Blantyre,South
31540867,Blantyre,South
31541183,Blantyre,South
31541807,Blantyre,South
31541868,Blantyre,South
31544808,Blantyre,South
31544809,Blantyre,South
31544869,Blantyre,South
31545384,Blantyre,South
31546760,Blantyre,South
31546810,Blantyre,South
31546870,Blantyre,South
31547429,Blantyre,South
31547871,Blantyre,South
31548148,Blantyre,South
31548811,Blantyre,South
31548872,Blantyre,South
31548873,Blantyre,South
31549812,Blantyre,South
31550254,Blantyre,South
31550813,Blantyre,South
31551814,Blantyre,South
31551874,Blantyre,South
31552612,Blantyre,South
31552686,Blantyre,South
31552875,Blantyre,South
31553237,Blantyre,South
31553815,Blantyre,South
31553816,Blantyre,South
31553876,Blantyre,South
31554613,Blantyre,South
31554877,Blantyre,South
31555614,Blantyre,South
31555878,Blantyre,South
31001034,Chikwawa,South
31001092,Chikwawa,South
31001123,Chikwawa,South
31001228,Chikwawa,South
31001242,Chikwawa,South
31001333,Chikwawa,South
31001647,Chikwawa,South
31001687,Chikwawa,South
31001688,Chikwawa,South
31001689,Chikwawa,South
31001690,Chikwawa,South
31001691,Chikwawa,South
31001692,Chikwawa,South
31001735,Chikwawa,South
31001736,Chikwawa,South
31001737,Chikwawa,South
31001738,Chikwawa,South
31001739,Chikwawa,South
31001740,Chikwawa,South
31001741,Chikwawa,South
31001742,Chikwawa,South
31001749,Chikwawa,South
31002169,Chikwawa,South
31002245,Chikwawa,South
31002677,Chikwawa,South
31002693,Chikwawa,South
31002694,Chikwawa,South
31002695,Chikwawa,South
31002743,Chikwawa,South
31002744,Chikwawa,South
31003100,Chikwawa,South
31003226,Chikwawa,South
31003482,Chikwawa,South
31003696,Chikwawa,South
31003697,Chikwawa,South
31003698,Chikwawa,South
31003745,Chikwawa,South
31003746,Chikwawa,South
31003747,Chikwawa,South
31003748,Chikwawa,South
31003749,Chikwawa,South
31003759,Chikwawa,South
31004098,Chikwawa,South
31004699,Chikwawa,South
31004750,Chikwawa,South
31004751,Chikwawa,South
31005061,Chikwawa,South
31005700,Chikwawa,South
31005701,Chikwawa,South
31005752,Chikwawa,South
31006284,Chikwawa,South
31006556,Chikwawa,South
31006702,Chikwawa,South
31006753,Chikwawa,South
31006754,Chikwawa,South
31007335,Chikwawa,South
31007544,Chikwawa,South
31007549,Chikwawa,South
31007645,Chikwawa,South
31007703,Chikwawa,South
31007704,Chikwawa,South
31007705,Chikwawa,South
31007755,Chikwawa,South
31007756,Chikwawa,South
31007757,Chikwawa,South
31008706,Chikwawa,South
31010707,Chikwawa,South
31020708,Chikwawa,South
31020758,Chikwawa,South
30401015,Chiradzulu,South
30401062,Chiradzulu,South
30401178,Chiradzulu,South
30401397,Chiradzulu,South
30401553,Chiradzulu,South
30401554,Chiradzulu,South
30401555,Chiradzulu,South
30401556,Chiradzulu,South
30401591,Chiradzulu,South
30401592,Chiradzulu,South
30401593,Chiradzulu,South
30401594,Chiradzulu,South
30402291,Chiradzulu,South
30402402,Chiradzulu,South
30402515,Chiradzulu,South
30402557,Chiradzulu,South
30402558,Chiradzulu,South
30402559,Chiradzulu,South
30402560,Chiradzulu,South
30402570,Chiradzulu,South
30402595,Chiradzulu,South
30402596,Chiradzulu,South
30402597,Chiradzulu,South
30402598,Chiradzulu,South
30402599,Chiradzulu,South
30402669,Chiradzulu,South
30403185,Chiradzulu,South
30403225,Chiradzulu,South
30403261,Chiradzulu,South
30403444,Chiradzulu,South
30403558,Chiradzulu,South
30403561,Chiradzulu,South
30403562,Chiradzulu,South
30403563,Chiradzulu,South
30403600,Chiradzulu,South
30403601,Chiradzulu,South
30403602,Chiradzulu,South
30403603,Chiradzulu,South
30403604,Chiradzulu,South
30403605,Chiradzulu,South
30403606,Chiradzulu,South
30403699,Chiradzulu,South
30403766,Chiradzulu,South
30404093,Chiradzulu,South
30404458,Chiradzulu,South
30404493,Chiradzulu,South
30404564,Chiradzulu,South
30404565,Chiradzulu,South
30404566,Chiradzulu,South
30404567,Chiradzulu,South
30404607,Chiradzulu,South
30404608,Chiradzulu,South
30404609,Chiradzulu,South
30405568,Chiradzulu,South
30405588,Chiradzulu,South
30405610,Chiradzulu,South
30406125,Chiradzulu,South
30406378,Chiradzulu,South
30406569,Chiradzulu,South
30406611,Chiradzulu,South
30406612,Chiradzulu,South
30407570,Chiradzulu,South
30407571,Chiradzulu,South
30407572,Chiradzulu,South
30408573,Chiradzulu,South
30409574,Chiradzulu,South
30420223,Chiradzulu,South
30420614,Chiradzulu,South
10101016,Chitipa,North
10101100,Chitipa,North
10101101,Chitipa,North
10101102,Chitipa,North
10101103,Chitipa,North
10101104,Chitipa,North
10101105,Chitipa,North
10101106,Chitipa,North
10101107,Chitipa,North
10101108,Chitipa,North
10101204,Chitipa,North
10101215,Chitipa,North
10101219,Chitipa,North
10101355,Chitipa,North
10101374,Chitipa,North
10101470,Chitipa,North
10101562,Chitipa,North
10101568,Chitipa,North
10101706,Chitipa,North
10102004,Chitipa,North
10102107,Chitipa,North
10102108,Chitipa,North
10102109,Chitipa,North
10102110,Chitipa,North
10102111,Chitipa,North
10102112,Chitipa,North
10102379,Chitipa,North
10102621,Chitipa,North
10103111,Chitipa,North
10103112,Chitipa,North
10103113,Chitipa,North
10103114,Chitipa,North
10103115,Chitipa,North
10103414,Chitipa,North
10103452,Chitipa,North
10103681,Chitipa,North
10104116,Chitipa,North
10104117,Chitipa,North
10104118,Chitipa,North
10104150,Chitipa,North
10104351,Chitipa,North
10104440,Chitipa,North
10105114,Chitipa,North
10105115,Chitipa,North
10105119,Chitipa,North
10105120,Chitipa,North
10105121,Chitipa,North
10105352,Chitipa,North
10105511,Chitipa,North
10105513,Chitipa,North
10106116,Chitipa,North
10106117,Chitipa,North
10107118,Chitipa,North
10109119,Chitipa,North
10109120,Chitipa,North
10109121,Chitipa,North
10120122,Chitipa,North
10120123,Chitipa,North
10120286,Chitipa,North
10120288,Chitipa,North
10202195,Chitipa,North
20801046,Dedza,Central
20801208,Dedza,Central
20801271,Dedza,Central
20801356,Dedza,Central
20801407,Dedza,Central
20801408,Dedza,Central
20801409,Dedza,Central
20801410,Dedza,Central
20801411,Dedza,Central
20801435,Dedza,Central
20801436,Dedza,Central
20801437,Dedza,Central
20801438,Dedza,Central
20801439,Dedza,Central
20801497,Dedza,Central
20802019,Dedza,Central
20802041,Dedza,Central
20802412,Dedza,Central
20802413,Dedza,Central
20802440,Dedza,Central
20802441,Dedza,Central
20802501,Dedza,Central
20803155,Dedza,Central
20803156,Dedza,Central
20803414,Dedza,Central
20803415,Dedza,Central
20803416,Dedza,Central
20803417,Dedza,Central
20803442,Dedza,Central
20803443,Dedza,Central
20803444,Dedza,Central
20803445,Dedza,Central
20803446,Dedza,Central
20803503,Dedza,Central
20803599,Dedza,Central
20803731,Dedza,Central
20804405,Dedza,Central
20804418,Dedza,Central
20804419,Dedza,Central
20804420,Dedza,Central
20804447,Dedza,Central
20804448,Dedza,Central
20804449,Dedza,Central
20804768,Dedza,Central
20805345,Dedza,Central
20805450,Dedza,Central
20806131,Dedza,Central
20806421,Dedza,Central
20806422,Dedza,Central
20806423,Dedza,Central
20806451,Dedza,Central
20806452,Dedza,Central
20806546,Dedza,Central
20806716,Dedza,Central
20807424,Dedza,Central
20807425,Dedza,Central
20807426,Dedza,Central
20807453,Dedza,Central
20807454,Dedza,Central
20807455,Dedza,Central
20807456,Dedza,Central
20807711,Dedza,Central
20807727,Dedza,Central
20807728,Dedza,Central
20808421,Dedza,Central
20808427,Dedza,Central
20808457,Dedza,Central
20820318,Dedza,Central
20820428,Dedza,Central
20820458,Dedza,Central
20401171,Dowa,Central
20401305,Dowa,Central
20401306,Dowa,Central
20401327,Dowa,Central
20401328,Dowa,Central
20401329,Dowa,Central
20401627,Dowa,Central
20401737,Dowa,Central
20402045,Dowa,Central
20402072,Dowa,Central
20402198,Dowa,Central
20402201,Dowa,Central
20402298,Dowa,Central
20402307,Dowa,Central
20402308,Dowa,Central
20402309,Dowa,Central
20402310,Dowa,Central
20402311,Dowa,Central
20402330,Dowa,Central
20402331,Dowa,Central
20402332,Dowa,Central
20402333,Dowa,Central
20402334,Dowa,Central
20403049,Dowa,Central
20403312,Dowa,Central
20403313,Dowa,Central
20403335,Dowa,Central
20403336,Dowa,Central
20403337,Dowa,Central
20403338,Dowa,Central
20403668,Dowa,Central
20403697,Dowa,Central
20404032,Dowa,Central
20404314,Dowa,Central
20404315,Dowa,Central
20404316,Dowa,Central
20404339,Dowa,Central
20404340,Dowa,Central
20404341,Dowa,Central
20404509,Dowa,Central
20404575,Dowa,Central
20404660,Dowa,Central
20405132,Dowa,Central
20405317,Dowa,Central
20405318,Dowa,Central
20405319,Dowa,Central
20405320,Dowa,Central
20405343,Dowa,Central
20405344,Dowa,Central
20405345,Dowa,Central
20405366,Dowa,Central
20405704,Dowa,Central
20406177,Dowa,Central
20406321,Dowa,Central
20406322,Dowa,Central
20406323,Dowa,Central
20406346,Dowa,Central
20406347,Dowa,Central
20406348,Dowa,Central
20406598,Dowa,Central
20407324,Dowa,Central
20407349,Dowa,Central
20407398,Dowa,Central
20407481,Dowa,Central
20421229,Dowa,Central
20421325,Dowa,Central
20421350,Dowa,Central
20615407,Dowa,Central
10201124,Karonga,North
10201125,Karonga,North
10201126,Karonga,North
10201127,Karonga,North
10201128,Karonga,North
10201129,Karonga,North
10201137,Karonga,North
10201210,Karonga,North
10201247,Karonga,North
10201442,Karonga,North
10201688,Karonga,North
10202129,Karonga,North
10202130,Karonga,North
10202131,Karonga,North
10202514,Karonga,North
10203013,Karonga,North
10203085,Karonga,North
10203130,Karonga,North
10203131,Karonga,North
10203132,Karonga,North
10203133,Karonga,North
10203134,Karonga,North
10203135,Karonga,North
10203136,Karonga,North
10203137,Karonga,North
10203176,Karonga,North
10203221,Karonga,North
10203623,Karonga,North
10203744,Karonga,North
10204101,Karonga,North
10204136,Karonga,North
10204137,Karonga,North
10204138,Karonga,North
10204139,Karonga,North
10204140,Karonga,North
10204141,Karonga,North
10204322,Karonga,North
10204453,Karonga,North
10204586,Karonga,North
10204723,Karonga,North
10205141,Karonga,North
10205142,Karonga,North
10205143,Karonga,North
10205144,Karonga,North
10205202,Karonga,North
10205507,Karonga,North
10220027,Karonga,North
10220103,Karonga,North
10220143,Karonga,North
10220144,Karonga,North
10220145,Karonga,North
10220146,Karonga,North
10220147,Karonga,North
10220521,Karonga,North
10220705,Karonga,North
20101014,Kasungu,Central
20101237,Kasungu,Central
20101255,Kasungu,Central
20101256,Kasungu,Central
20101387,Kasungu,Central
20102238,Kasungu,Central
20102257,Kasungu,Central
20102311,Kasungu,Central
20103239,Kasungu,Central
20103258,Kasungu,Central
20103365,Kasungu,Central
20104240,Kasungu,Central
20105073,Kasungu,Central
20105181,Kasungu,Central
20105259,Kasungu,Central
20105260,Kasungu,Central
20106042,Kasungu,Central
20106241,Kasungu,Central
20106242,Kasungu,Central
20106261,Kasungu,Central
20107243,Kasungu,Central
20107262,Kasungu,Central
20107263,Kasungu,Central
20107490,Kasungu,Central
20107615,Kasungu,Central
20108264,Kasungu,Central
20108739,Kasungu,Central
20109244,Kasungu,Central
20109245,Kasungu,Central
20109265,Kasungu,Central
20109486,Kasungu,Central
20109653,Kasungu,Central
20110170,Kasungu,Central
20110246,Kasungu,Central
20110266,Kasungu,Central
20110267,Kasungu,Central
20110268,Kasungu,Central
20110620,Kasungu,Central
20111107,Kasungu,Central
20111269,Kasungu,Central
20111270,Kasungu,Central
20111271,Kasungu,Central
20111530,Kasungu,Central
20111718,Kasungu,Central
20112247,Kasungu,Central
20112272,Kasungu,Central
20112273,Kasungu,Central
20112274,Kasungu,Central
20112290,Kasungu,Central
20112334,Kasungu,Central
20112661,Kasungu,Central
20113112,Kasungu,Central
20113248,Kasungu,Central
20113275,Kasungu,Central
20113276,Kasungu,Central
20113529,Kasungu,Central
20115249,Kasungu,Central
20115434,Kasungu,Central
20119250,Kasungu,Central
20120081,Kasungu,Central
20120251,Kasungu,Central
20120277,Kasungu,Central
20120278,Kasungu,Central
20121252,Kasungu,Central
20121253,Kasungu,Central
20122254,Kasungu,Central
20123255,Kasungu,Central
20123256,Kasungu,Central
20123257,Kasungu,Central
20124258,Kasungu,Central
20126259,Kasungu,Central
20127260,Kasungu,Central
30106535,Lake Malombe,South
20601141,Lilongwe,Central
20601349,Lilongwe,Central
20601350,Lilongwe,Central
20601351,Lilongwe,Central
20601375,Lilongwe,Central
20601376,Lilongwe,Central
20601377,Lilongwe,Central
20601626,Lilongwe,Central
20601658,Lilongwe,Central
20601701,Lilongwe,Central
20602352,Lilongwe,Central
20602353,Lilongwe,Central
20602354,Lilongwe,Central
20602355,Lilongwe,Central
20602363,Lilongwe,Central
20602378,Lilongwe,Central
20602379,Lilongwe,Central
20602380,Lilongwe,Central
20602381,Lilongwe,Central
20602479,Lilongwe,Central
20602607,Lilongwe,Central
20602617,Lilongwe,Central
20603090,Lilongwe,Central
20603121,Lilongwe,Central
20603133,Lilongwe,Central
20603189,Lilongwe,Central
20603337,Lilongwe,Central
20603356,Lilongwe,Central
20603357,Lilongwe,Central
20603382,Lilongwe,Central
20603383,Lilongwe,Central
20603384,Lilongwe,Central
20603385,Lilongwe,Central
20603386,Lilongwe,Central
20603387,Lilongwe,Central
20603388,Lilongwe,Central
20603455,Lilongwe,Central
20603533,Lilongwe,Central
20604071,Lilongwe,Central
20604358,Lilongwe,Central
20604359,Lilongwe,Central
20604376,Lilongwe,Central
20604389,Lilongwe,Central
20604390,Lilongwe,Central
20604391,Lilongwe,Central
20604638,Lilongwe,Central
20605302,Lilongwe,Central
20605360,Lilongwe,Central
20605361,Lilongwe,Central
20605362,Lilongwe,Central
20605392,Lilongwe,Central
20606168,Lilongwe,Central
20606297,Lilongwe,Central
20606363,Lilongwe,Central
20606364,Lilongwe,Central
20606365,Lilongwe,Central
20606393,Lilongwe,Central
20606394,Lilongwe,Central
20606395,Lilongwe,Central
20607260,Lilongwe,Central
20607315,Lilongwe,Central
20607366,Lilongwe,Central
20607396,Lilongwe,Central
20607397,Lilongwe,Central
20607733,Lilongwe,Central
20608367,Lilongwe,Central
20608368,Lilongwe,Central
20608369,Lilongwe,Central
20608398,Lilongwe,Central
20608499,Lilongwe,Central
20609370,Lilongwe,Central
20609371,Lilongwe,Central
20609399,Lilongwe,Central
20609754,Lilongwe,Central
20610050,Lilongwe,Central
20610249,Lilongwe,Central
20610372,Lilongwe,Central
20610400,Lilongwe,Central
20610401,Lilongwe,Central
20611336,Lilongwe,Central
20611373,Lilongwe,Central
20611402,Lilongwe,Central
20612374,Lilongwe,Central
20612375,Lilongwe,Central
20612403,Lilongwe,Central
20612564,Lilongwe,Central
20613324,Lilongwe,Central
20613376,Lilongwe,Central
20613404,Lilongwe,Central
20614377,Lilongwe,Central
20614405,Lilongwe,Central
20614406,Lilongwe,Central
20614477,Lilongwe,Central
20614589,Lilongwe,Central
20615064,Lilongwe,Central
20615378,Lilongwe,Central
20615408,Lilongwe,Central
20615409,Lilongwe,Central
20615410,Lilongwe,Central
20615735,Lilongwe,Central
20615752,Lilongwe,Central
20616379,Lilongwe,Central
20616380,Lilongwe,Central
20616381,Lilongwe,Central
20617382,Lilongwe,Central
20617383,Lilongwe,Central
20617384,Lilongwe,Central
21031643,Lilongwe,Central
21033451,Lilongwe,Central
21036483,Lilongwe,Central
21037030,Lilongwe,Central
21037224,Lilongwe,Central
21037452,Lilongwe,Central
21037484,Lilongwe,Central
21037485,Lilongwe,Central
21037486,Lilongwe,Central
21037536,Lilongwe,Central
21038392,Lilongwe,Central
21038487,Lilongwe,Central
21038763,Lilongwe,Central
21040453,Lilongwe,Central
21040488,Lilongwe,Central
21048764,Lilongwe,Central
21051203,Lilongwe,Central
21051454,Lilongwe,Central
21051455,Lilongwe,Central
21051489,Lilongwe,Central
21051490,Lilongwe,Central
21051491,Lilongwe,Central
21051517,Lilongwe,Central
21052427,Lilongwe,Central
21052456,Lilongwe,Central
21052492,Lilongwe,Central
21052642,Lilongwe,Central
21053430,Lilongwe,Central
21053457,Lilongwe,Central
21053458,Lilongwe,Central
21053493,Lilongwe,Central
21053494,Lilongwe,Central
21053495,Lilongwe,Central
21053745,Lilongwe,Central
21054459,Lilongwe,Central
21054496,Lilongwe,Central
21054673,Lilongwe,Central
21055165,Lilongwe,Central
21055241,Lilongwe,Central
21055460,Lilongwe,Central
21055461,Lilongwe,Central
21055462,Lilongwe,Central
21055463,Lilongwe,Central
21055497,Lilongwe,Central
21055498,Lilongwe,Central
21055499,Lilongwe,Central
21055693,Lilongwe,Central
21056222,Lilongwe,Central
21059500,Lilongwe,Central
21066096,Lilongwe,Central
21066339,Lilongwe,Central
21066464,Lilongwe,Central
21066465,Lilongwe,Central
21066466,Lilongwe,Central
21066467,Lilongwe,Central
21066478,Lilongwe,Central
21066501,Lilongwe,Central
21066502,Lilongwe,Central
21068468,Lilongwe,Central
21068503,Lilongwe,Central
21069400,Lilongwe,Central
21074469,Lilongwe,Central
21074470,Lilongwe,Central
21074504,Lilongwe,Central
21074510,Lilongwe,Central
21076505,Lilongwe,Central
21077725,Lilongwe,Central
21079006,Lilongwe,Central
21079472,Lilongwe,Central
21079506,Lilongwe,Central
21080308,Lilongwe,Central
21080473,Lilongwe,Central
21080474,Lilongwe,Central
21080475,Lilongwe,Central
21080507,Lilongwe,Central
21080508,Lilongwe,Central
21080755,Lilongwe,Central
21081476,Lilongwe,Central
21081509,Lilongwe,Central
21081573,Lilongwe,Central
21083477,Lilongwe,Central
21083510,Lilongwe,Central
21083535,Lilongwe,Central
21085094,Lilongwe,Central
21085478,Lilongwe,Central
21085511,Lilongwe,Central
21086069,Lilongwe,Central
21086436,Lilongwe,Central
21086479,Lilongwe,Central
21086480,Lilongwe,Central
21086481,Lilongwe,Central
21086512,Lilongwe,Central
21086513,Lilongwe,Central
21087057,Lilongwe,Central
21087482,Lilongwe,Central
21087483,Lilongwe,Central
21087514,Lilongwe,Central
21087515,Lilongwe,Central
21087516,Lilongwe,Central
21087531,Lilongwe,Central
21087736,Lilongwe,Central
21088484,Lilongwe,Central
21088517,Lilongwe,Central
21088518,Lilongwe,Central
21088597,Lilongwe,Central
30201076,Machinga,South
30201146,Machinga,South
30201498,Machinga,South
30201509,Machinga,South
30201510,Machinga,South
30201511,Machinga,South
30201543,Machinga,South
30201544,Machinga,South
30201545,Machinga,South
30201546,Machinga,South
30201587,Machinga,South
30202252,Machinga,South
30202403,Machinga,South
30202512,Machinga,South
30202547,Machinga,South
30202548,Machinga,South
30203044,Machinga,South
30203122,Machinga,South
30203142,Machinga,South
30203256,Machinga,South
30203513,Machinga,South
30203549,Machinga,South
30203550,Machinga,South
30203551,Machinga,South
30203552,Machinga,South
30203553,Machinga,South
30203554,Machinga,South
30203767,Machinga,South
30204126,Machinga,South
30204514,Machinga,South
30204555,Machinga,South
30205515,Machinga,South
30205556,Machinga,South
30205702,Machinga,South
30206341,Machinga,South
30206516,Machinga,South
30206517,Machinga,South
30206557,Machinga,South
30206558,Machinga,South
30206572,Machinga,South
30207060,Machinga,South
30207188,Machinga,South
30207491,Machinga,South
30207518,Machinga,South
30207559,Machinga,South
30207560,Machinga,South
30207561,Machinga,South
30208396,Machinga,South
30208519,Machinga,South
30208562,Machinga,South
30209287,Machinga,South
30209520,Machinga,South
30209521,Machinga,South
30209563,Machinga,South
30210522,Machinga,South
30210523,Machinga,South
30211524,Machinga,South
30211525,Machinga,South
30212167,Machinga,South
30212307,Machinga,South
30212492,Machinga,South
30212526,Machinga,South
30212527,Machinga,South
30212564,Machinga,South
30212565,Machinga,South
30214528,Machinga,South
30216529,Machinga,South
30221530,Machinga,South
30222077,Machinga,South
30222566,Machinga,South
30306594,Machinga,South
31221753,Machinga,South
30101280,Mangochi,South
30101485,Mangochi,South
30101486,Mangochi,South
30101487,Mangochi,South
30101519,Mangochi,South
30101520,Mangochi,South
30101521,Mangochi,South
30101545,Mangochi,South
30101552,Mangochi,South
30102028,Mangochi,South
30102488,Mangochi,South
30102489,Mangochi,South
30102522,Mangochi,South
30102523,Mangochi,South
30102524,Mangochi,South
30102540,Mangochi,South
30102632,Mangochi,South
30102641,Mangochi,South
30103021,Mangochi,South
30103074,Mangochi,South
30103420,Mangochi,South
30103490,Mangochi,South
30103525,Mangochi,South
30103526,Mangochi,South
30103527,Mangochi,South
30103528,Mangochi,South
30104022,Mangochi,South
30104040,Mangochi,South
30104491,Mangochi,South
30104492,Mangochi,South
30104493,Mangochi,South
30104529,Mangochi,South
30104530,Mangochi,South
30104708,Mangochi,South
30105325,Mangochi,South
30105448,Mangochi,South
30105494,Mangochi,South
30105495,Mangochi,South
30105531,Mangochi,South
30105532,Mangochi,South
30106005,Mangochi,South
30106331,Mangochi,South
30106496,Mangochi,South
30106497,Mangochi,South
30106498,Mangochi,South
30106533,Mangochi,South
30106534,Mangochi,South
30106536,Mangochi,South
30106750,Mangochi,South
30107395,Mangochi,South
30107499,Mangochi,South
30107500,Mangochi,South
30107537,Mangochi,South
30107624,Mangochi,South
30108117,Mangochi,South
30108401,Mangochi,South
30108501,Mangochi,South
30108502,Mangochi,South
30108538,Mangochi,South
30108539,Mangochi,South
30109503,Mangochi,South
30109540,Mangochi,South
30109724,Mangochi,South
30110504,Mangochi,South
30111505,Mangochi,South
30114506,Mangochi,South
30120262,Mangochi,South
30120507,Mangochi,South
30120541,Mangochi,South
30121508,Mangochi,South
30121542,Mangochi,South
20701385,Mchinji,Central
20701386,Mchinji,Central
20701387,Mchinji,Central
20701411,Mchinji,Central
20701412,Mchinji,Central
20701527,Mchinji,Central
20701659,Mchinji,Central
20702011,Mchinji,Central
20702282,Mchinji,Central
20702388,Mchinji,Central
20702389,Mchinji,Central
20702390,Mchinji,Central
20702391,Mchinji,Central
20702413,Mchinji,Central
20702414,Mchinji,Central
20702415,Mchinji,Central
20702416,Mchinji,Central
20702417,Mchinji,Central
20702464,Mchinji,Central
20702471,Mchinji,Central
20702542,Mchinji,Central
20703025,Mchinji,Central
20703083,Mchinji,Central
20703316,Mchinji,Central
20703392,Mchinji,Central
20703393,Mchinji,Central
20703418,Mchinji,Central
20703419,Mchinji,Central
20703420,Mchinji,Central
20703421,Mchinji,Central
20703422,Mchinji,Central
20703565,Mchinji,Central
20703595,Mchinji,Central
20704037,Mchinji,Central
20704289,Mchinji,Central
20704353,Mchinji,Central
20704394,Mchinji,Central
20704395,Mchinji,Central
20704423,Mchinji,Central
20704424,Mchinji,Central
20704425,Mchinji,Central
20704426,Mchinji,Central
20704738,Mchinji,Central
20705328,Mchinji,Central
20705372,Mchinji,Central
20705396,Mchinji,Central
20705397,Mchinji,Central
20705427,Mchinji,Central
20705428,Mchinji,Central
20705429,Mchinji,Central
20705430,Mchinji,Central
20705431,Mchinji,Central
20705495,Mchinji,Central
20705652,Mchinji,Central
20705657,Mchinji,Central
20706163,Mchinji,Central
20706294,Mchinji,Central
20706398,Mchinji,Central
20706399,Mchinji,Central
20706432,Mchinji,Central
20706433,Mchinji,Central
20707400,Mchinji,Central
20707401,Mchinji,Central
20707402,Mchinji,Central
20708403,Mchinji,Central
20711404,Mchinji,Central
20712405,Mchinji,Central
20720368,Mchinji,Central
20720406,Mchinji,Central
20720434,Mchinji,Central
30801205,Mulanje,South
30801300,Mulanje,South
30801305,Mulanje,South
30801386,Mulanje,South
30801631,Mulanje,South
30801642,Mulanje,South
30801643,Mulanje,South
30801644,Mulanje,South
30801645,Mulanje,South
30801672,Mulanje,South
30801679,Mulanje,South
30801687,Mulanje,South
30801688,Mulanje,South
30801689,Mulanje,South
30801690,Mulanje,South
30801691,Mulanje,South
30801692,Mulanje,South
30801693,Mulanje,South
30802036,Mulanje,South
30802485,Mulanje,South
30802579,Mulanje,South
30802646,Mulanje,South
30802647,Mulanje,South
30802648,Mulanje,South
30802694,Mulanje,South
30802696,Mulanje,South
30803115,Mulanje,South
30803233,Mulanje,South
30803480,Mulanje,South
30803649,Mulanje,South
30803650,Mulanje,South
30803651,Mulanje,South
30803697,Mulanje,South
30803698,Mulanje,South
30803699,Mulanje,South
30804416,Mulanje,South
30804426,Mulanje,South
30804652,Mulanje,South
30804653,Mulanje,South
30804700,Mulanje,South
30804701,Mulanje,South
30805259,Mulanje,South
30805375,Mulanje,South
30805463,Mulanje,South
30805551,Mulanje,South
30805654,Mulanje,South
30805655,Mulanje,South
30805656,Mulanje,South
30805657,Mulanje,South
30805658,Mulanje,South
30805702,Mulanje,South
30805703,Mulanje,South
30805704,Mulanje,South
30805705,Mulanje,South
30806145,Mulanje,South
30806483,Mulanje,South
30806611,Mulanje,South
30806630,Mulanje,South
30806659,Mulanje,South
30806660,Mulanje,South
30806661,Mulanje,South
30806662,Mulanje,South
30806706,Mulanje,South
30806707,Mulanje,South
30806708,Mulanje,South
30806709,Mulanje,South
30808664,Mulanje,South
30820710,Mulanje,South
30601052,Mwanza,South
30601144,Mwanza,South
30601190,Mwanza,South
30601191,Mwanza,South
30601428,Mwanza,South
30601526,Mwanza,South
30601598,Mwanza,South
30601599,Mwanza,South
30601600,Mwanza,South
30601601,Mwanza,South
30601602,Mwanza,South
30601603,Mwanza,South
30601604,Mwanza,South
30601605,Mwanza,South
30601608,Mwanza,South
30601639,Mwanza,South
30601640,Mwanza,South
30601641,Mwanza,South
30601642,Mwanza,South
30601643,Mwanza,South
30601644,Mwanza,South
30601645,Mwanza,South
30601646,Mwanza,South
30601647,Mwanza,South
30601648,Mwanza,South
30601746,Mwanza,South
30602059,Mwanza,South
30602217,Mwanza,South
30602220,Mwanza,South
30602235,Mwanza,South
30602408,Mwanza,South
30602443,Mwanza,South
30602445,Mwanza,South
30602472,Mwanza,South
30602512,Mwanza,South
30602606,Mwanza,South
30602607,Mwanza,South
30602608,Mwanza,South
30602609,Mwanza,South
30602610,Mwanza,South
30602611,Mwanza,South
30602649,Mwanza,South
30602650,Mwanza,South
30602651,Mwanza,South
30602652,Mwanza,South
30602653,Mwanza,South
30602654,Mwanza,South
30602655,Mwanza,South
30602656,Mwanza,South
30602657,Mwanza,South
30602658,Mwanza,South
30602659,Mwanza,South
30602660,Mwanza,South
30602713,Mwanza,South
30602734,Mwanza,South
30603612,Mwanza,South
30603613,Mwanza,South
30603614,Mwanza,South
30603615,Mwanza,South
30620179,Mwanza,South
30620196,Mwanza,South
30620323,Mwanza,South
30620616,Mwanza,South
30620617,Mwanza,South
30620644,Mwanza,South
30620661,Mwanza,South
30620662,Mwanza,South
31301246,Mwanza,South
31301304,Mwanza,South
31301385,Mwanza,South
31301560,Mwanza,South
31301671,Mwanza,South
31301683,Mwanza,South
31301754,Mwanza,South
31301755,Mwanza,South
31301756,Mwanza,South
31301757,Mwanza,South
31301758,Mwanza,South
31301807,Mwanza,South
31301808,Mwanza,South
31301809,Mwanza,South
31301810,Mwanza,South
31301811,Mwanza,South
31301812,Mwanza,South
31302162,Mwanza,South
31302415,Mwanza,South
31302578,Mwanza,South
31302651,Mwanza,South
31302759,Mwanza,South
31302760,Mwanza,South
31302761,Mwanza,South
31302762,Mwanza,South
31302763,Mwanza,South
31302813,Mwanza,South
31302814,Mwanza,South
31302815,Mwanza,South
31302816,Mwanza,South
31302817,Mwanza,South
31303067,Mwanza,South
31303327,Mwanza,South
31303467,Mwanza,South
31303567,Mwanza,South
31303585,Mwanza,South
31303610,Mwanza,South
31303655,Mwanza,South
31303757,Mwanza,South
31303764,Mwanza,South
31303765,Mwanza,South
31303766,Mwanza,South
31303767,Mwanza,South
31303768,Mwanza,South
31303769,Mwanza,South
31303770,Mwanza,South
31303818,Mwanza,South
31303819,Mwanza,South
31303820,Mwanza,South
31303821,Mwanza,South
31303822,Mwanza,South
31303823,Mwanza,South
31303824,Mwanza,South
31303825,Mwanza,South
31303826,Mwanza,South
31304771,Mwanza,South
31304772,Mwanza,South
31304773,Mwanza,South
31306166,Mwanza,South
31306274,Mwanza,South
31306500,Mwanza,South
31306719,Mwanza,South
31306827,Mwanza,South
31306828,Mwanza,South
31306829,Mwanza,South
31306830,Mwanza,South
10420188,Mzimba,North
10501055,Mzimba,North
10501190,Mzimba,North
10501191,Mzimba,North
10501192,Mzimba,North
10501196,Mzimba,North
10501197,Mzimba,North
10501198,Mzimba,North
10501199,Mzimba,North
10501216,Mzimba,North
10501505,Mzimba,North
10501709,Mzimba,North
10502043,Mzimba,North
10502193,Mzimba,North
10502194,Mzimba,North
10502195,Mzimba,North
10502196,Mzimba,North
10502197,Mzimba,North
10502200,Mzimba,North
10502201,Mzimba,North
10502202,Mzimba,North
10502203,Mzimba,North
10502268,Mzimba,North
10502439,Mzimba,North
10502593,Mzimba,North
10502730,Mzimba,North
10503204,Mzimba,North
10503205,Mzimba,North
10503206,Mzimba,North
10503211,Mzimba,North
10503367,Mzimba,North
10504198,Mzimba,North
10504207,Mzimba,North
10505136,Mzimba,North
10505151,Mzimba,North
10505199,Mzimba,North
10505200,Mzimba,North
10505201,Mzimba,North
10505208,Mzimba,North
10505209,Mzimba,North
10505210,Mzimba,North
10505231,Mzimba,North
10505310,Mzimba,North
10505508,Mzimba,North
10506127,Mzimba,North
10506202,Mzimba,North
10506203,Mzimba,North
10506204,Mzimba,North
10506211,Mzimba,North
10506212,Mzimba,North
10506548,Mzimba,North
10507175,Mzimba,North
10507205,Mzimba,North
10507213,Mzimba,North
10507214,Mzimba,North
10507344,Mzimba,North
10508206,Mzimba,North
10508207,Mzimba,North
10508215,Mzimba,North
10508216,Mzimba,North
10508369,Mzimba,North
10509208,Mzimba,North
10509217,Mzimba,North
10509319,Mzimba,North
10509474,Mzimba,North
10510209,Mzimba,North
10510218,Mzimba,North
10510388,Mzimba,North
10511210,Mzimba,North
10520219,Mzimba,North
10731213,Mzimba,North
10731231,Mzimba,North
10732047,Mzimba,North
10732070,Mzimba,North
10732192,Mzimba,North
10732214,Mzimba,North
10732232,Mzimba,North
10732233,Mzimba,North
10733215,Mzimba,North
10733234,Mzimba,North
10733235,Mzimba,North
10733465,Mzimba,North
10733640,Mzimba,North
10734216,Mzimba,North
10734217,Mzimba,North
10734236,Mzimba,North
10734237,Mzimba,North
10734238,Mzimba,North
10734239,Mzimba,North
10734370,Mzimba,North
10734393,Mzimba,North
10734407,Mzimba,North
10734762,Mzimba,North
10735130,Mzimba,North
10735173,Mzimba,North
10735240,Mzimba,North
10735241,Mzimba,North
10736053,Mzimba,North
10736174,Mzimba,North
10736218,Mzimba,North
10736242,Mzimba,North
10736243,Mzimba,North
10736244,Mzimba,North
10736245,Mzimba,North
10736377,Mzimba,North
10736466,Mzimba,North
10736596,Mzimba,North
10737199,Mzimba,North
10737219,Mzimba,North
10737220,Mzimba,North
10737221,Mzimba,North
10737246,Mzimba,North
10738222,Mzimba,North
10738223,Mzimba,North
10738224,Mzimba,North
10738247,Mzimba,North
10739225,Mzimba,North
10739226,Mzimba,North
10739248,Mzimba,North
10739309,Mzimba,North
10740227,Mzimba,North
10740228,Mzimba,North
10740229,Mzimba,North
10740230,Mzimba,North
10741249,Mzimba,North
10741504,Mzimba,North
10743250,Mzimba,North
10744039,Mzimba,North
10744154,Mzimba,North
10744251,Mzimba,North
10744252,Mzimba,North
10744253,Mzimba,North
10744649,Mzimba,North
10745234,Mzimba,North
10745235,Mzimba,North
10745236,Mzimba,North
10746033,Mzimba,North
10746244,Mzimba,North
10746254,Mzimba,North
10301026,Nkhata Bay,North
10301148,Nkhata Bay,North
10301149,Nkhata Bay,North
10301150,Nkhata Bay,North
10301151,Nkhata Bay,North
10301306,Nkhata Bay,North
10301347,Nkhata Bay,North
10301663,Nkhata Bay,North
10301741,Nkhata Bay,North
10302010,Nkhata Bay,North
10302152,Nkhata Bay,North
10302153,Nkhata Bay,North
10303153,Nkhata Bay,North
10303154,Nkhata Bay,North
10303454,Nkhata Bay,North
10304012,Nkhata Bay,North
10304154,Nkhata Bay,North
10304155,Nkhata Bay,North
10304156,Nkhata Bay,North
10304360,Nkhata Bay,North
10304625,Nkhata Bay,North
10305156,Nkhata Bay,North
10305157,Nkhata Bay,North
10305158,Nkhata Bay,North
10305446,Nkhata Bay,North
10306157,Nkhata Bay,North
10306158,Nkhata Bay,North
10306159,Nkhata Bay,North
10306160,Nkhata Bay,North
10306417,Nkhata Bay,North
10306431,Nkhata Bay,North
10307159,Nkhata Bay,North
10307161,Nkhata Bay,North
10307413,Nkhata Bay,North
10308129,Nkhata Bay,North
10308160,Nkhata Bay,North
10308162,Nkhata Bay,North
10308636,Nkhata Bay,North
10309161,Nkhata Bay,North
10309163,Nkhata Bay,North
10309164,Nkhata Bay,North
10309273,Nkhata Bay,North
10309281,Nkhata Bay,North
10310163,Nkhata Bay,North
10310165,Nkhata Bay,North
10310469,Nkhata Bay,North
10312048,Nkhata Bay,North
10312078,Nkhata Bay,North
10312164,Nkhata Bay,North
10312165,Nkhata Bay,North
10312166,Nkhata Bay,North
10312167,Nkhata Bay,North
10312168,Nkhata Bay,North
10312169,Nkhata Bay,North
10312187,Nkhata Bay,North
10312600,Nkhata Bay,North
10320168,Nkhata Bay,North
10320170,Nkhata Bay,North
10320171,Nkhata Bay,North
10320227,Nkhata Bay,North
20201109,Nkhotakota,Central
20201206,Nkhotakota,Central
20201261,Nkhotakota,Central
20201262,Nkhotakota,Central
20201263,Nkhotakota,Central
20201264,Nkhotakota,Central
20201265,Nkhotakota,Central
20201266,Nkhotakota,Central
20201269,Nkhotakota,Central
20201280,Nkhotakota,Central
20201281,Nkhotakota,Central
20201282,Nkhotakota,Central
20201283,Nkhotakota,Central
20201284,Nkhotakota,Central
20201285,Nkhotakota,Central
20201354,Nkhotakota,Central
20201450,Nkhotakota,Central
20201646,Nkhotakota,Central
20202268,Nkhotakota,Central
20202286,Nkhotakota,Central
20202343,Nkhotakota,Central
20203135,Nkhotakota,Central
20203269,Nkhotakota,Central
20203287,Nkhotakota,Central
20203288,Nkhotakota,Central
20203289,Nkhotakota,Central
20203290,Nkhotakota,Central
20203291,Nkhotakota,Central
20203494,Nkhotakota,Central
20203656,Nkhotakota,Central
20203694,Nkhotakota,Central
20204124,Nkhotakota,Central
20204270,Nkhotakota,Central
20204271,Nkhotakota,Central
20204272,Nkhotakota,Central
20204292,Nkhotakota,Central
20204293,Nkhotakota,Central
20204712,Nkhotakota,Central
20205207,Nkhotakota,Central
20205273,Nkhotakota,Central
20205294,Nkhotakota,Central
20205295,Nkhotakota,Central
20205296,Nkhotakota,Central
20205297,Nkhotakota,Central
20205298,Nkhotakota,Central
20205484,Nkhotakota,Central
20205525,Nkhotakota,Central
20205634,Nkhotakota,Central
20205700,Nkhotakota,Central
20205721,Nkhotakota,Central
20206243,Nkhotakota,Central
20206274,Nkhotakota,Central
20206275,Nkhotakota,Central
20206276,Nkhotakota,Central
20206277,Nkhotakota,Central
20206278,Nkhotakota,Central
20206279,Nkhotakota,Central
20206280,Nkhotakota,Central
20206299,Nkhotakota,Central
20206300,Nkhotakota,Central
20206362,Nkhotakota,Central
20207281,Nkhotakota,Central
20207282,Nkhotakota,Central
20220038,Nkhotakota,Central
20220153,Nkhotakota,Central
20220283,Nkhotakota,Central
20220301,Nkhotakota,Central
20220302,Nkhotakota,Central
31101009,Nsanje,South
31101399,Nsanje,South
31101709,Nsanje,South
31101710,Nsanje,South
31101759,Nsanje,South
31101760,Nsanje,South
31102266,Nsanje,South
31102591,Nsanje,South
31102711,Nsanje,South
31102761,Nsanje,South
31104086,Nsanje,South
31104147,Nsanje,South
31104361,Nsanje,South
31104496,Nsanje,South
31104691,Nsanje,South
31104696,Nsanje,South
31104712,Nsanje,South
31104713,Nsanje,South
31104714,Nsanje,South
31104715,Nsanje,South
31104716,Nsanje,South
31104762,Nsanje,South
31104763,Nsanje,South
31104764,Nsanje,South
31104765,Nsanje,South
31104766,Nsanje,South
31104767,Nsanje,South
31104768,Nsanje,South
31105091,Nsanje,South
31105559,Nsanje,South
31105581,Nsanje,South
31105717,Nsanje,South
31105718,Nsanje,South
31105719,Nsanje,South
31105769,Nsanje,South
31105770,Nsanje,South
31105771,Nsanje,South
31106066,Nsanje,South
31106182,Nsanje,South
31106519,Nsanje,South
31106574,Nsanje,South
31106682,Nsanje,South
31106720,Nsanje,South
31106721,Nsanje,South
31106772,Nsanje,South
31106773,Nsanje,South
31106774,Nsanje,South
31106775,Nsanje,South
31106776,Nsanje,South
31107406,Nsanje,South
31107722,Nsanje,South
31107723,Nsanje,South
31107724,Nsanje,South
31107725,Nsanje,South
31107777,Nsanje,South
31108265,Nsanje,South
31108703,Nsanje,South
31108726,Nsanje,South
31108778,Nsanje,South
31109727,Nsanje,South
31109779,Nsanje,South
31110462,Nsanje,South
31110728,Nsanje,South
31110780,Nsanje,South
31120097,Nsanje,South
31120218,Nsanje,South
31120729,Nsanje,South
31120730,Nsanje,South
31120781,Nsanje,South
31120782,Nsanje,South
20901232,Ntcheu,Central
20901276,Ntcheu,Central
20901429,Ntcheu,Central
20901459,Ntcheu,Central
20901460,Ntcheu,Central
20901461,Ntcheu,Central
20902430,Ntcheu,Central
20902431,Ntcheu,Central
20902437,Ntcheu,Central
20902449,Ntcheu,Central
20902461,Ntcheu,Central
20902462,Ntcheu,Central
20902463,Ntcheu,Central
20902464,Ntcheu,Central
20903432,Ntcheu,Central
20903433,Ntcheu,Central
20903434,Ntcheu,Central
20903465,Ntcheu,Central
20903466,Ntcheu,Central
20903543,Ntcheu,Central
20903583,Ntcheu,Central
20904018,Ntcheu,Central
20904160,Ntcheu,Central
20904342,Ntcheu,Central
20904435,Ntcheu,Central
20904436,Ntcheu,Central
20904467,Ntcheu,Central
20904468,Ntcheu,Central
20904469,Ntcheu,Central
20904470,Ntcheu,Central
20904602,Ntcheu,Central
20905295,Ntcheu,Central
20905437,Ntcheu,Central
20905438,Ntcheu,Central
20905471,Ntcheu,Central
20906110,Ntcheu,Central
20906439,Ntcheu,Central
20906472,Ntcheu,Central
20906473,Ntcheu,Central
20906474,Ntcheu,Central
20906524,Ntcheu,Central
20906605,Ntcheu,Central
20907238,Ntcheu,Central
20907440,Ntcheu,Central
20907475,Ntcheu,Central
20908051,Ntcheu,Central
20908088,Ntcheu,Central
20908119,Ntcheu,Central
20908293,Ntcheu,Central
20908329,Ntcheu,Central
20908441,Ntcheu,Central
20908442,Ntcheu,Central
20908476,Ntcheu,Central
20908477,Ntcheu,Central
20908478,Ntcheu,Central
20908479,Ntcheu,Central
20908480,Ntcheu,Central
20908481,Ntcheu,Central
20908538,Ntcheu,Central
20909113,Ntcheu,Central
20909443,Ntcheu,Central
20909444,Ntcheu,Central
20909482,Ntcheu,Central
20910445,Ntcheu,Central
20910446,Ntcheu,Central
20910447,Ntcheu,Central
20910448,Ntcheu,Central
20911449,Ntcheu,Central
20920450,Ntcheu,Central
20920520,Ntcheu,Central
20301075,Ntchisi,Central
20301284,Ntchisi,Central
20301303,Ntchisi,Central
20301304,Ntchisi,Central
20302285,Ntchisi,Central
20302286,Ntchisi,Central
20302305,Ntchisi,Central
20302306,Ntchisi,Central
20302432,Ntchisi,Central
20302539,Ntchisi,Central
20302592,Ntchisi,Central
20303065,Ntchisi,Central
20303287,Ntchisi,Central
20303288,Ntchisi,Central
20303289,Ntchisi,Central
20303290,Ntchisi,Central
20303291,Ntchisi,Central
20303292,Ntchisi,Central
20303307,Ntchisi,Central
20303308,Ntchisi,Central
20303309,Ntchisi,Central
20303447,Ntchisi,Central
20303654,Ntchisi,Central
20304084,Ntchisi,Central
20304164,Ntchisi,Central
20304285,Ntchisi,Central
20304293,Ntchisi,Central
20304294,Ntchisi,Central
20304310,Ntchisi,Central
20304311,Ntchisi,Central
20304312,Ntchisi,Central
20304313,Ntchisi,Central
20304314,Ntchisi,Central
20304315,Ntchisi,Central
20304662,Ntchisi,Central
20304680,Ntchisi,Central
20305023,Ntchisi,Central
20305172,Ntchisi,Central
20305295,Ntchisi,Central
20305296,Ntchisi,Central
20305297,Ntchisi,Central
20305298,Ntchisi,Central
20305299,Ntchisi,Central
20305301,Ntchisi,Central
20305316,Ntchisi,Central
20305317,Ntchisi,Central
20305318,Ntchisi,Central
20305319,Ntchisi,Central
20305320,Ntchisi,Central
20305321,Ntchisi,Central
20305340,Ntchisi,Central
20305382,Ntchisi,Central
20305717,Ntchisi,Central
20306272,Ntchisi,Central
20306296,Ntchisi,Central
20306300,Ntchisi,Central
20306322,Ntchisi,Central
20306323,Ntchisi,Central
20306324,Ntchisi,Central
20306325,Ntchisi,Central
20306433,Ntchisi,Central
20306557,Ntchisi,Central
20307301,Ntchisi,Central
20307302,Ntchisi,Central
20307303,Ntchisi,Central
20320304,Ntchisi,Central
20320326,Ntchisi,Central
20320675,Ntchisi,Central
30901029,Phalombe,South
30901054,Phalombe,South
30901193,Phalombe,South
30901253,Phalombe,South
30901275,Phalombe,South
30901320,Phalombe,South
30901380,Phalombe,South
30901409,Phalombe,South
30901475,Phalombe,South
30901550,Phalombe,South
30901569,Phalombe,South
30901603,Phalombe,South
30901665,Phalombe,South
30901666,Phalombe,South
30901667,Phalombe,South
30901668,Phalombe,South
30901669,Phalombe,South
30901670,Phalombe,South
30901711,Phalombe,South
30901712,Phalombe,South
30901713,Phalombe,South
30901714,Phalombe,South
30901715,Phalombe,South
30901716,Phalombe,South
30901717,Phalombe,South
30901718,Phalombe,South
30901719,Phalombe,South
30901720,Phalombe,South
30901721,Phalombe,South
30901722,Phalombe,South
30901723,Phalombe,South
30901724,Phalombe,South
30901725,Phalombe,South
30901726,Phalombe,South
30901732,Phalombe,South
30901756,Phalombe,South
30902236,Phalombe,South
30902299,Phalombe,South
30902346,Phalombe,South
30902425,Phalombe,South
30902606,Phalombe,South
30902671,Phalombe,South
30902672,Phalombe,South
30902673,Phalombe,South
30902727,Phalombe,South
30902728,Phalombe,South
30902729,Phalombe,South
30902730,Phalombe,South
30902731,Phalombe,South
30903114,Phalombe,South
30903528,Phalombe,South
30903674,Phalombe,South
30903675,Phalombe,South
30903732,Phalombe,South
30903733,Phalombe,South
30903734,Phalombe,South
30904676,Phalombe,South
30904677,Phalombe,South
30905678,Phalombe,South
30905679,Phalombe,South
30905680,Phalombe,South
30905681,Phalombe,South
30905682,Phalombe,South
30906683,Phalombe,South
30906684,Phalombe,South
30906685,Phalombe,South
30906686,Phalombe,South
30920609,Phalombe,South
10401140,Rumphi,North
10401169,Rumphi,North
10401170,Rumphi,North
10401171,Rumphi,North
10401172,Rumphi,North
10401173,Rumphi,North
10401174,Rumphi,North
10401175,Rumphi,North
10401176,Rumphi,North
10401177,Rumphi,North
10401178,Rumphi,North
10401179,Rumphi,North
10401180,Rumphi,North
10401212,Rumphi,North
10401424,Rumphi,North
10401502,Rumphi,North
10401522,Rumphi,North
10401541,Rumphi,North
10401604,Rumphi,North
10401635,Rumphi,North
10401742,Rumphi,North
10402181,Rumphi,North
10402537,Rumphi,North
10403175,Rumphi,North
10403176,Rumphi,North
10403177,Rumphi,North
10403182,Rumphi,North
10403183,Rumphi,North
10403332,Rumphi,North
10403488,Rumphi,North
10404179,Rumphi,North
10404184,Rumphi,North
10404185,Rumphi,North
10404186,Rumphi,North
10404707,Rumphi,North
10405180,Rumphi,North
10405181,Rumphi,North
10405187,Rumphi,North
10405213,Rumphi,North
10405404,Rumphi,North
10407068,Rumphi,North
10407182,Rumphi,North
10407183,Rumphi,North
10407188,Rumphi,North
10407189,Rumphi,North
10407190,Rumphi,North
10407194,Rumphi,North
10407628,Rumphi,North
10408185,Rumphi,North
10408191,Rumphi,North
10408192,Rumphi,North
10408441,Rumphi,North
10409186,Rumphi,North
10409468,Rumphi,North
10410187,Rumphi,North
10420001,Rumphi,North
10420035,Rumphi,North
10420080,Rumphi,North
10420189,Rumphi,North
10420193,Rumphi,North
10420194,Rumphi,North
10420195,Rumphi,North
20404342,Salima,Central
20501111,Salima,Central
20501326,Salima,Central
20501327,Salima,Central
20501328,Salima,Central
20501330,Salima,Central
20501351,Salima,Central
20501352,Salima,Central
20501353,Salima,Central
20501664,Salima,Central
20502159,Salima,Central
20502240,Salima,Central
20502329,Salima,Central
20502330,Salima,Central
20502331,Salima,Central
20502332,Salima,Central
20502354,Salima,Central
20502355,Salima,Central
20502356,Salima,Central
20502357,Salima,Central
20502740,Salima,Central
20502758,Salima,Central
20503239,Salima,Central
20503333,Salima,Central
20503358,Salima,Central
20503476,Salima,Central
20504334,Salima,Central
20504335,Salima,Central
20504359,Salima,Central
20504360,Salima,Central
20504373,Salima,Central
20504729,Salima,Central
20505317,Salima,Central
20505336,Salima,Central
20505337,Salima,Central
20505361,Salima,Central
20505362,Salima,Central
20505363,Salima,Central
20505648,Salima,Central
20506338,Salima,Central
20506339,Salima,Central
20506364,Salima,Central
20506412,Salima,Central
20507089,Salima,Central
20507340,Salima,Central
20507341,Salima,Central
20507342,Salima,Central
20507343,Salima,Central
20507365,Salima,Central
20507366,Salima,Central
20507367,Salima,Central
20507368,Salima,Central
20507369,Salima,Central
20507371,Salima,Central
20507422,Salima,Central
20507459,Salima,Central
20507571,Salima,Central
20508344,Salima,Central
20508345,Salima,Central
20508349,Salima,Central
20508370,Salima,Central
20508547,Salima,Central
20509346,Salima,Central
20509371,Salima,Central
20510584,Salima,Central
20520255,Salima,Central
20520347,Salima,Central
20520372,Salima,Central
20520373,Salima,Central
20520582,Salima,Central
20521348,Salima,Central
20521374,Salima,Central
30501579,Thyolo,South
30701411,Thyolo,South
30701618,Thyolo,South
30701663,Thyolo,South
30702134,Thyolo,South
30702619,Thyolo,South
30702664,Thyolo,South
30703381,Thyolo,South
30703620,Thyolo,South
30703665,Thyolo,South
30703666,Thyolo,South
30704158,Thyolo,South
30704313,Thyolo,South
30704621,Thyolo,South
30704622,Thyolo,South
30704667,Thyolo,South
30705248,Thyolo,South
30705391,Thyolo,South
30705623,Thyolo,South
30705624,Thyolo,South
30705668,Thyolo,South
30705669,Thyolo,South
30706619,Thyolo,South
30706625,Thyolo,South
30706626,Thyolo,South
30706670,Thyolo,South
30706671,Thyolo,South
30706743,Thyolo,South
30707534,Thyolo,South
30707627,Thyolo,South
30707628,Thyolo,South
30707672,Thyolo,South
30707673,Thyolo,South
30707722,Thyolo,South
30708338,Thyolo,South
30708629,Thyolo,South
30708630,Thyolo,South
30708665,Thyolo,South
30708674,Thyolo,South
30708675,Thyolo,South
30708676,Thyolo,South
30709116,Thyolo,South
30709358,Thyolo,South
30709438,Thyolo,South
30709631,Thyolo,South
30709632,Thyolo,South
30709650,Thyolo,South
30709677,Thyolo,South
30709678,Thyolo,South
30709679,Thyolo,South
30709680,Thyolo,South
30709698,Thyolo,South
30710079,Thyolo,South
30710128,Thyolo,South
30710157,Thyolo,South
30710451,Thyolo,South
30710633,Thyolo,South
30710634,Thyolo,South
30710635,Thyolo,South
30710636,Thyolo,South
30710681,Thyolo,South
30710682,Thyolo,South
30710683,Thyolo,South
30710684,Thyolo,South
30711637,Thyolo,South
30711684,Thyolo,South
30711685,Thyolo,South
30712638,Thyolo,South
30713639,Thyolo,South
30713640,Thyolo,South
30720641,Thyolo,South
30720666,Thyolo,South
30720686,Thyolo,South
30803321,Thyolo,South
31004312,Thyolo,South
30301531,Zomba,South
30301554,Zomba,South
30301567,Zomba,South
30301568,Zomba,South
30301569,Zomba,South
30301576,Zomba,South
30301590,Zomba,South
30302283,Zomba,South
30302357,Zomba,South
30302532,Zomba,South
30302533,Zomba,South
30302534,Zomba,South
30302535,Zomba,South
30302536,Zomba,South
30302570,Zomba,South
30302571,Zomba,South
30302572,Zomba,South
30302573,Zomba,South
30302574,Zomba,South
30302601,Zomba,South
30302687,Zomba,South
30302692,Zomba,South
30304139,Zomba,South
30304143,Zomba,South
30304537,Zomba,South
30304538,Zomba,South
30304575,Zomba,South
30304576,Zomba,South
30304577,Zomba,South
30305082,Zomba,South
30305258,Zomba,South
30305277,Zomba,South
30305506,Zomba,South
30305539,Zomba,South
30305540,Zomba,South
30305561,Zomba,South
30305578,Zomba,South
30305579,Zomba,South
30305580,Zomba,South
30305581,Zomba,South
30305582,Zomba,South
30306024,Zomba,South
30306056,Zomba,South
30306087,Zomba,South
30306460,Zomba,South
30306541,Zomba,South
30306542,Zomba,South
30306555,Zomba,South
30306583,Zomba,South
30306584,Zomba,South
30306585,Zomba,South
30306586,Zomba,South
30306587,Zomba,South
30306588,Zomba,South
30307543,Zomba,South
30307544,Zomba,South
30307545,Zomba,South
30307546,Zomba,South
30307547,Zomba,South
30307577,Zomba,South
30307589,Zomba,South
30307590,Zomba,South
30307678,Zomba,South
30308548,Zomba,South
30309549,Zomba,South
30309550,Zomba,South
30311551,Zomba,South
30311552,Zomba,South
30406613,Zomba,South
30406710,Zomba,South
30502456,Zomba,South
31431714,Zomba,South
31431774,Zomba,South
31431775,Zomba,South
31431776,Zomba,South
31431777,Zomba,South
31431831,Zomba,South
31431832,Zomba,South
31432279,Zomba,South
31432523,Zomba,South
31432676,Zomba,South
31432778,Zomba,South
31432833,Zomba,South
31432834,Zomba,South
31433779,Zomba,South
31433780,Zomba,South
31433781,Zomba,South
31433782,Zomba,South
31434099,Zomba,South
31434783,Zomba,South
31434784,Zomba,South
31434835,Zomba,South
31435120,Zomba,South
31435149,Zomba,South
31435423,Zomba,South
31435753,Zomba,South
31435785,Zomba,South
31435836,Zomba,South
31435837,Zomba,South
31435838,Zomba,South
31435839,Zomba,South
31436063,Zomba,South
31436695,Zomba,South
31436840,Zomba,South
31436841,Zomba,South
31437786,Zomba,South
31437842,Zomba,South
31438563,Zomba,South
31438622,Zomba,South
31438689,Zomba,South
31438690,Zomba,South
31438787,Zomba,South
31438788,Zomba,South
31438789,Zomba,South
31438790,Zomba,South
31438843,Zomba,South
31438844,Zomba,South
31438845,Zomba,South
31439102,Zomba,South
31439791,Zomba,South
31439792,Zomba,South
31439846,Zomba,South
31440002,Zomba,South
31440152,Zomba,South
31440793,Zomba,South
31440794,Zomba,South
31440847,Zomba,South
31441389,Zomba,South
31441848,Zomba,South
31441849,Zomba,South
31442200,Zomba,South
31442394,Zomba,South
31442616,Zomba,South
31442850,Zomba,South
31442851,Zomba,South
31443108,Zomba,South
31443270,Zomba,South
31443852,Zomba,South
31443853,Zomba,South
31444854,Zomba,South
,,North
,Blantyre City,South
,Lilongwe City,Central
,Mzuzu City,North
,Neno,South
,Zomba City,South
